INSERT INTO SUBSTANCE (`id`, `name`)
VALUES (410, 'Метан'),
       (304, 'Азот діоксид'),
       (343, 'Фтор'),
       (349, 'Хлор'),
       (337, 'Вуглецю оксид'),
       (1819, 'Диметиламін');

INSERT INTO GDK (`id_substance`, `max_gdk`, `avg_gdk`, `dangerous_class`)
values (410, 0.05, 0.03, 2),
       (304, 0.2, 0.04, 3),
       (343, 0.03, 0.01, 2),
       (349, 0.1, 0.03, 2),
       (337, 5.0, 3.0, 4),
       (1819, 0.005, 0.005, 2);

INSERT INTO OBRD (`id_substance`, `obrd_value`)
values (410, 50),
       (304, 0.0001),
       (343, 0.15),
       (349, 0.1),
       (337, 0.1),
       (1819, 0.03);

INSERT INTO OBJECTS(`id`, `name`)
values (1, 'ПАТ «Центренерго» Трипільська ТЕС'),
       (2, 'ТОВ «Оператор газотранспортної системи України» Боярське ЛВУМГ'),
       (3, 'СТОВ «Старинська птахофабрика»');

INSERT INTO OBJECTS_LAB1 (`id_object`, `id_substance`, `value_pollution`, `events_for_reduction_pollution`)
values (1, 410, 31.199,
        'Встановлення системи автоматизованого моніторингу енергоресурсів
        в бюджетних установах міста та термомодернізація будівель з
        використанням відновлювальних джерел енергії'),

       (1, 304, 4290.093,
        'Встановлення обладнання стаціонарного посту автоматизованої системи моніторингу атмосферного повітря'),

       (1, 343, 0.031,
        'Aдаптація виробничих процесів'),

       (1, 349, 0.001,
        'Встановлення cистеми управління відходами'),

       (1, 343, 399.153,
        'Створення системи управління неорганізованими забрудненнями довкілля'),

       (2, 410, 4052.336,
        'Придбання та встановлення додаткового газоаналізаторного обладнання'),

       (2, 343, 3.074,
        'Aдаптація виробничих процесів та встановлення системи моніторингу атмосферного повітря'),

       (2, 343, 2.486,
        'Розроблення альтернативних способів та місць проведення основних та супутніх робіт, операцій'),

       (3, 1819, 27.774,
        'Встановлення системи управління неорганізованими забрудненнями довкілля'),

       (3, 410, 1858.705,
        'Придбання та встановлення додаткового газоаналізаторного обладнання'),

       (3, 349, 0.003,
        'Придбання та встановлення додаткового газоаналізаторного обладнання');

INSERT INTO OBJECTS_LAB2 (`id_object`, `id_substance`, `amount_of_emissions`, `tax_rates_for_emissions`)
values (1, 304, 4290.093, 2574.43),
       (1, 343, 0.031, 628.32),
       (1, 337, 399.153, 96.99),
       (2, 410, 4052.336, 1108.56),
       (2, 337, 3.074, 96.99),
       (2, 304, 2.486, 2574.43),
       (3, 1819, 27.774, 17536.42),
       (3, 410, 1858.705, 1108.56),
       (3, 349, 0.003, 369.52);

INSERT INTO SFI (`id_substance`, `sfi`)
values (1819, 75);

INSERT INTO RFC (`id_substance`, `rfc`)
values (410, 1),
       (304, 0.04),
       (343, 0.8),
       (349, 0.0002),
       (337, 0.003);

INSERT INTO OBJECTS_LAB3_KONCEROGEN (`id_object`, `id_substance`, `concentration`)
values (3, 1819, 10.46);

INSERT INTO OBJ_LAB3_NOT_KONCEROGEN (`id_object`, `id_substance`, `concentration`)
values (1, 304, 411.8),
       (1, 343, 567),
       (1, 337, 16.22),
       (2, 410, 570.84),
       (2, 337, 0.98),
       (2, 304, 378.23),
       (3, 410, 492.31),
       (3, 349, 0.023);


