USE lab1;

INSERT INTO SUBSTANCE
VALUES (410, 'Метан'),
       (304, 'Азот діоксид'),
       (343, 'Фтор'),
       (349, 'Хлор'),
       (337, 'Вуглецю оксид'),
       (1819, 'Диметиламін');

INSERT INTO GDK (`id_substance`, `max_gdk`, `avg_gdk`, `dangerous_class`)
values (410, 0.05, 0.03, 2),
       (304, 0.2, 0.04, 3),
       (343, 0.03, 0.01, 2),
       (349, 0.1, 0.03, 2),
       (337, 5.0, 3.0, 4),
       (1819, 0.005, 0.005, 2);

INSERT INTO OBRD (`id_substance`, `obrd_value`)
values (410, 50),
       (304, 0.0001),
       (343, 0.15),
       (349, 0.1),
       (337, 0.1),
       (1819, 0.03);

INSERT INTO OBJECTS
values (1.1, 'ПАТ «Центренерго» Трипільська ТЕС', 410, 31.199, 52.7, 1.59,
        'Встановлення системи автоматизованого моніторингу енергоресурсів
        в бюджетних установах міста та термомодернізація будівель з
        використанням відновлювальних джерел енергії'),

       (1.2, 'ПАТ «Центренерго» Трипільська ТЕС', 304, 4290.093, 0.9, 0.5,
        'Встановлення обладнання стаціонарного посту автоматизованої системи моніторингу атмосферного повітря'),

       (1.3, 'ПАТ «Центренерго» Трипільська ТЕС', 343, 0.031, 2.1, 0.5,
        'Aдаптація виробничих процесів'),

       (1.4, 'ПАТ «Центренерго» Трипільська ТЕС', 349, 0.001, 0.3, 0.1,
        'Встановлення cистеми управління відходами'),

       (1.5, 'ПАТ «Центренерго» Трипільська ТЕС', 343, 399.153, 20.7, 18.4,
        'Створення системи управління неорганізованими забрудненнями довкілля'),

       (2.1, 'ТОВ «Оператор газотранспортної системи України» Боярське ЛВУМГ', 410, 4052.336, 456.21, 216.378,
        'Придбання та встановлення додаткового газоаналізаторного обладнання'),

       (2.2, 'ТОВ «Оператор газотранспортної системи України» Боярське ЛВУМГ', 343, 3.074, 2.9, 0.5,
        'Aдаптація виробничих процесів та встановлення системи моніторингу атмосферного повітря'),

       (2.3, 'ТОВ «Оператор газотранспортної системи України» Боярське ЛВУМГ', 343, 2.486, 1.38, 0.5,
        'Розроблення альтернативних способів та місць проведення основних та супутніх робіт, операцій'),

       (3.1, 'СТОВ «Старинська птахофабрика»', 1819, 27.774, 6.2, 8.5,
        'Встановлення системи управління неорганізованими забрудненнями довкілля'),

       (3.2, 'СТОВ «Старинська птахофабрика»', 410, 1858.705, 286.142, 1.59,
        'Придбання та встановлення додаткового газоаналізаторного обладнання'),

       (3.3, 'СТОВ «Старинська птахофабрика»', 349, 0.003, 0.4, 0.1,
        'Придбання та встановлення додаткового газоаналізаторного обладнання');
